,ADDRESS,zipcode,price,bedrooms,bathrooms,sqft_living,yr_built,URL (SEE http://www.redfin.com/buy-a-home/comparative-market-analysis FOR INFO ON PRICING),lat,long
0,14836 SE 16th St #15,98007,530000,3,2.5,1430.0,1969.0,http://www.redfin.com/WA/Bellevue/14836-SE-16th-St-98007/unit-15/home/55002,47.5968236,-122.1410473
1,155 Olympic Way,98030,525000,5,2.75,3060.0,1966.0,http://www.redfin.com/WA/Kent/155-Olympic-Way-98030/home/397693,47.3813742,-122.2234713
2,24328 114th Pl SE,98030,599950,4,2.5,2530.0,2012.0,http://www.redfin.com/WA/Kent/24328-114th-Pl-SE-98030/home/44653806,47.383483899999995,-122.18825849999999
3,7542 NE 204th Pl,98028,710000,4,2.5,2210.0,2003.0,http://www.redfin.com/WA/Kenmore/7542-NE-204th-Pl-98028/home/282926,47.776688,-122.2392024
4,2115 57th St SE,98092,474950,3,2.5,2242.0,2013.0,http://www.redfin.com/WA/Auburn/2115-57th-St-SE-98092/home/28582319,47.2581138,-122.20166850000001
5,9950 229th Ln NE,98053,1150000,4,2.5,3044.0,2003.0,http://www.redfin.com/WA/Redmond/9950-229th-Ln-NE-98053/home/443736,47.6888795,-122.0356841
6,4111 Whitman Ave N #205,98103,425000,2,1.0,695.0,1947.0,http://www.redfin.com/WA/Seattle/4111-Whitman-Ave-N-98103/unit-205/home/2066243,47.6570599,-122.3463338
7,9039 NE Juanita Dr #307,98034,590000,2,2.5,1360.0,1986.0,http://www.redfin.com/WA/Kirkland/9039-NE-Juanita-Dr-98034/unit-307/home/72788,47.7043581,-122.2199275
8,2440 Western Ave #707,98121,625000,2,1.75,885.0,1998.0,http://www.redfin.com/WA/Seattle/2440-Western-Ave-98121/unit-707/home/170075512,47.613927399999994,-122.34917800000001
9,21520 129th Ave SE,98031,574950,5,2.5,2560.0,1990.0,http://www.redfin.com/WA/Kent/21520-129th-Ave-SE-98031/home/224373,47.4089242,-122.16986429999999
10,18 Dravus St #302,98109,437000,1,1.0,716.0,1999.0,http://www.redfin.com/WA/Seattle/18-Dravus-St-98109/unit-302/home/51536,47.6488661,-122.3568176
11,20815 120th Pl SE,98031,445000,5,2.0,2560.0,1963.0,http://www.redfin.com/WA/Kent/20815-120th-Pl-SE-98031/home/221144,47.4152467,-122.1810848
12,114 16th Ave Unit A,98122,785000,3,1.75,1360.0,2017.0,http://www.redfin.com/WA/Seattle/114-16th-Ave-98122/unit-A/home/113703717,47.6022096,-122.31152490000001
13,4106 Factoria Blvd SE #305,98006,450000,2,1.75,1114.0,1984.0,http://www.redfin.com/WA/Bellevue/4106-Factoria-Blvd-SE-98006/unit-305/home/103961133,47.572711600000005,-122.1675669
14,1543 17th Ave S,98144,642500,3,1.75,1710.0,1916.0,http://www.redfin.com/WA/Seattle/1543-17th-Ave-S-98144/home/169634,47.5887033,-122.31085320000001
15,1540 Cherrylane Ave S,98144,465000,2,2.0,1264.0,1997.0,http://www.redfin.com/WA/Seattle/1540-Cherrylane-Ave-S-98144/home/61017,47.5892159,-122.31227520000002
16,2929 1st Ave #422,98121,675000,2,1.75,1128.0,2000.0,http://www.redfin.com/WA/Seattle/2929-1st-Ave-98121/unit-422/home/11353,47.617218,-122.3536221
17,11570 Stone Ave N #101,98133,385000,2,2.25,1221.0,2000.0,http://www.redfin.com/WA/Seattle/11570-Stone-Ave-N-98133/unit-101/home/103956773,47.71395029999999,-122.34193710000001
18,336 29th Ave,98122,1799950,6,4.25,3229.0,1904.0,http://www.redfin.com/WA/Seattle/336-29th-Ave-98122/home/149120,47.60528239999999,-122.29463870000001
19,16653 SE 171st Pl,98058,617500,4,2.5,2430.0,2001.0,http://www.redfin.com/WA/Renton/16653-SE-171st-Pl-98058/home/391680,47.448647799999996,-122.1179538
20,747 Belmont Pl E Unit 301A,98102,595000,2,1.0,890.0,1962.0,http://www.redfin.com/WA/Seattle/747-Belmont-Pl-E-98102/unit-301A/home/60895,47.6269163,-122.32459640000002
21,22005 6th Ave S #205,98198,350000,2,1.75,1126.0,1994.0,http://www.redfin.com/WA/Des-Moines/22005-6th-Ave-S-98198/unit-205/home/61981,47.404469,-122.3278653
22,2305 S 135th Ln,98168,614999,5,2.5,2199.0,2019.0,http://www.redfin.com/WA/SeaTac/S-135th-Ln-98168/home/8190150,47.482359,-122.30339199999999
23,30613 134th Ave SE,98092,579990,4,2.5,2876.0,2014.0,http://www.redfin.com/WA/Auburn/30613-134th-Ave-SE-98092/home/40089433,47.326694200000006,-122.16322190000001
24,24827 247th Pl SE,98038,799950,4,2.75,3284.0,1999.0,http://www.redfin.com/WA/Maple-Valley/24827-247th-Pl-SE-98038/home/376355,47.3789176,-122.0129149
25,175 Sunset Ct NW,98027,699000,3,2.5,1869.0,2001.0,http://www.redfin.com/WA/Issaquah/175-Sunset-Ct-NW-98027/home/421913,47.5320836,-122.04667479999999
26,32623 3rd Pl S Unit 2C,98003,275000,3,1.25,1440.0,1981.0,http://www.redfin.com/WA/Federal-Way/32623-3rd-Pl-S-98003/unit-2C/home/15412,47.310126000000004,-122.33114499999999
27,10106 Greenwood Ave N #203,98133,399000,2,1.75,979.0,1984.0,http://www.redfin.com/WA/Seattle/10106-Greenwood-Ave-N-98133/unit-203/home/86,47.7023783,-122.35503729999999
28,19214 61st Ave NE,98028,1100000,8,6.0,3878.0,1976.0,http://www.redfin.com/WA/Kenmore/19214-61st-Ave-NE-98028/home/2079601,47.7685041,-122.2637605
29,2244 13th Ave W #311,98119,264950,1,1.0,546.0,1990.0,http://www.redfin.com/WA/Seattle/2244-13th-Ave-W-98119/unit-311/home/48025,47.6397409,-122.3733122
30,7034 NE 153rd Pl,98028,869000,4,3.0,3240.0,1978.0,http://www.redfin.com/WA/Kenmore/7034-NE-153rd-Pl-98028/home/275658,47.7399948,-122.2463341
31,18930 Ballinger Way NE,98155,625000,3,1.75,2270.0,1950.0,http://www.redfin.com/WA/Lake-Forest-Park/18930-Ballinger-Way-NE-98155/home/91175,47.7662521,-122.29659479999998
32,3001 45th Ave SW,98116,749950,2,1.5,1600.0,1931.0,http://www.redfin.com/WA/Seattle/3001-45th-Ave-SW-98116/home/331115,47.5772715,-122.38979950000001
33,2431 7th Ave W,98119,1136000,5,2.0,2480.0,1906.0,http://www.redfin.com/WA/Seattle/2431-7th-Ave-W-98119/home/130719,47.6405322,-122.36659679999998
34,28618 194th Ave SE,98042,695000,4,3.0,4200.0,1978.0,http://www.redfin.com/WA/Kent/28618-194th-Ave-SE-98042/home/381640,47.3439465,-122.08283859999999
35,13331 SE 194th Ct,98058,515000,3,2.75,2210.0,1988.0,http://www.redfin.com/WA/Renton/13331-SE-194th-Ct-98058/home/221615,47.4289301,-122.1626402
36,15150 140th Way SE Unit K103,98058,299950,2,2.5,1447.0,2000.0,http://www.redfin.com/WA/Renton/15150-140th-Way-SE-98058/unit-K103/home/62784,47.467256899999995,-122.1538619
37,13721 Greenwood Ave N Unit B,98133,449950,2,2.5,1070.0,2008.0,http://www.redfin.com/WA/Seattle/13721-Greenwood-Ave-N-98133/unit-B/home/21883741,47.72929,-122.35610700000001
38,22997 Marine View Dr S Unit D102,98198,258000,2,1.0,793.0,1969.0,http://www.redfin.com/WA/Des-Moines/22997-Marine-View-Dr-S-98198/unit-D102/home/28443,47.3957636,-122.3240228
39,34349 SE 39th Pl,98024,1024000,3,3.5,2170.0,2006.0,http://www.redfin.com/WA/Fall-City/34349-SE-39th-Pl-98024/home/464808,47.5756542,-121.8810507
40,1707 NW 59th St #201,98107,450000,2,1.75,838.0,1996.0,http://www.redfin.com/WA/Seattle/1707-NW-59th-St-98107/unit-201/home/18543,47.67140560000001,-122.3793206
41,4455 E Mercer Way,98040,1340000,4,2.5,3182.0,1979.0,http://www.redfin.com/WA/Mercer-Island/4455-E-Mercer-Way-98040/home/257066,47.5660554,-122.21531979999999
42,8553 85th Ave SE,98040,1000000,3,2.5,2164.0,1979.0,http://www.redfin.com/WA/Mercer-Island/8553-85th-Ave-SE-98040/home/257375,47.5259669,-122.22583999999999
43,2322 W Beaver Lake Dr SE,98075,950000,3,1.5,1150.0,1964.0,http://www.redfin.com/WA/Sammamish/2322-W-Beaver-Lake-Dr-SE-98075/home/435636,47.5881719,-122.00278899999999
44,1111 E John St #8,98102,699000,2,1.75,1200.0,1981.0,http://www.redfin.com/WA/Seattle/1111-E-John-St-98102/unit-8/home/70201,47.6197599,-122.31783929999999
45,31712 42nd Ave SW,98023,439999,3,1.75,2870.0,1974.0,http://www.redfin.com/WA/Federal-Way/31712-42nd-Ave-SW-98023/home/354405,47.3172744,-122.3854215
46,3901 243rd Pl SE Unit O-304,98021,255000,1,1.0,739.0,1997.0,http://www.redfin.com/WA/Bothell/3901-243rd-Pl-SE-98021/unit-O304/home/11884597,47.7771979,-122.1774966
47,132 N 132nd #102,98133,250000,1,1.5,1050.0,1978.0,http://www.redfin.com/WA/Seattle/132-N-132nd-St-98133/unit-102/home/32677,47.725320399999994,-122.3566336
48,13415 Little Bear Creek Pl,98072,800000,4,3.0,2180.0,2014.0,http://www.redfin.com/WA/Woodinville/13415-Little-Bear-Creek-Pl-98072/home/55528875,47.768049100000006,-122.1602541
49,515 R St NE,98002,389000,5,2.0,2900.0,1947.0,http://www.redfin.com/WA/Auburn/515-R-St-NE-98002/home/218066,47.313092499999996,-122.20864840000002
50,412 11th Ave Ph -12,98122,438000,1,1.0,765.0,2002.0,http://www.redfin.com/WA/Seattle/412-11th-Ave-98122/unit-12/home/12091576,47.605844,-122.3177169
51,5641 402nd Ave SE,98065,1670340,4,3.75,4350.0,2001.0,http://www.redfin.com/WA/Snoqualmie/5641-402nd-Ave-SE-98065/home/483963,47.549876,-121.808291
52,16331 SE 37th St,98008,1399000,6,3.75,4040.0,2011.0,http://www.redfin.com/WA/Bellevue/16331-SE-37th-St-98008/home/22701169,47.5771125,-122.1214866
53,27001 226th Ave SE,98038,599999,4,2.5,3190.0,2005.0,http://www.redfin.com/WA/Maple-Valley/27001-226th-Ave-SE-98038/home/2085508,47.3596995,-122.0404608
54,4700 242nd St SW,98043,550000,4,2.5,1638.0,1961.0,http://www.redfin.com/WA/Mountlake-Terrace/4700-242nd-St-SW-98043/home/2755012,47.7785709,-122.29646979999998
55,2903 124th Ave NE,98005,1559000,4,2.5,2230.0,1958.0,http://www.redfin.com/WA/Bellevue/2903-124th-Ave-NE-98005/home/508425,47.6359899,-122.17330179999999
56,9348 54th Ave S,98118,435000,4,1.0,2310.0,1907.0,http://www.redfin.com/WA/Seattle/9348-54th-Ave-S-98118/home/176689,47.5175657,-122.26483429999999
57,11603 26th Ave S,99816,550000,5,2.25,2400.0,2011.0,http://www.redfin.com/WA/Burien/11603-26th-Ave-S-98168/home/22649672,47.4991865,-122.2999172
58,14402 SE 40th St,98006,1599950,5,3.0,3362.0,2019.0,http://www.redfin.com/WA/Bellevue/14402-SE-40th-St-98006/home/233616,47.57477960000001,-122.1480652
59,3641 134th Ave NE,98005,4498000,5,5.5,7435.0,2019.0,http://www.redfin.com/WA/Bellevue/3641-134th-Ave-NE-98005/home/429861,47.643664,-122.16321
60,11122 SE 164 St,98055,1150000,8,4.0,4330.0,1953.0,http://www.redfin.com/WA/Renton/11122-SE-164th-St-98055/home/228250,47.4574534,-122.19177979999999
61,3910 S Hudson St Unit B,98118,849500,3,2.0,1438.0,2020.0,http://www.redfin.com/WA/Seattle/3910-S-Hudson-St-98118/unit-B/home/160615642,47.5572592,-122.2828712
62,17632 190th Ave SE,98058,1099000,4,3.0,3421.0,2019.0,http://www.redfin.com/WA/Renton/17632-190th-Ave-SE-98058/home/22485524,47.443446,-122.087053
63,21787 240th Pl SE,98038,1150000,4,3.5,3721.0,2020.0,http://www.redfin.com/WA/Maple-Valley/21787-240th-Pl-SE-98038/home/169270530,47.406825899999994,-122.02078629999998
64,14400 SE 40th St,98006,1699950,5,3.75,3360.0,2019.0,http://www.redfin.com/WA/Bellevue/14400-SE-40th-St-98006/home/106725522,47.574958,-122.14808500000001
65,7013 42nd Ave S,98118,599950,3,2.5,1470.0,2019.0,http://www.redfin.com/WA/Seattle/7013-42nd-Ave-S-98118/home/170196056,47.5392997,-122.28128600000001
66,12502 Riviera Pl NE,98125,1880000,4,2.75,2950.0,1925.0,http://www.redfin.com/WA/Seattle/12502-Riviera-Pl-NE-98125/home/319577,47.7192691,-122.27939620000001
67,12304 E 87th Ct NE,98034,2099000,4,3.25,4060.0,2012.0,http://www.redfin.com/WA/Kirkland/12304-87th-Ct-NE-98034/home/39904414,47.7103828,-122.22484009999998
68,23111 NE 8th St Unit B2-4,98074,859900,4,3.75,2573.0,2020.0,http://www.redfin.com/WA/Sammamish/23111-NE-8th-St-98074/unit-B2-4/home/170195711,47.616493299999995,-122.03053919999999
69,23294 NE 15th St,98074,1000000,4,2.5,2744.0,1996.0,http://www.redfin.com/WA/Sammamish/23294-NE-15th-St-98074/home/265611,47.6231989,-122.02650630000001
70,22631 SE 271st St,98038,575000,4,3.0,3000.0,2005.0,http://www.redfin.com/WA/Maple-Valley/22631-SE-271st-St-98038/home/2089882,47.358684999999994,-122.039432
71,26611 SE 9th Way,98075,1550000,5,4.0,4006.0,2020.0,http://www.redfin.com/WA/Sammamish/26611-SE-9th-Way-98075/home/101611052,47.6003455,-121.98830090000001
72,18230 SE Auburn Black Diamond Rd,98092,489500,4,2.5,2755.0,2000.0,http://www.redfin.com/WA/Auburn/18230-SE-Auburn-Black-Diamond-Rd-98092/home/2069665,47.3130795,-122.098858
73,24706 117th Pl SE,98030,550000,3,2.5,2590.0,2006.0,http://www.redfin.com/WA/Kent/24706-117th-Pl-SE-98030/home/2088473,47.380432,-122.18455049999999
74,712 23rd Ave,98122,1194500,3,3.5,2892.0,2013.0,http://www.redfin.com/WA/Seattle/712-23rd-Ave-98122/home/22677122,47.6084803,-122.30240570000001
75,750 11th Ave E #308,98102,395000,1,1.0,492.0,2018.0,http://www.redfin.com/WA/Seattle/750-11th-Ave-E-98102/unit-308/home/164431711,47.6266216,-122.3176642
76,4241 28th Ave W,98199,799950,3,2.0,1600.0,1947.0,http://www.redfin.com/WA/Seattle/4241-28th-Ave-W-98199/home/123725,47.6589348,-122.39306140000001
77,17108 SE 329th St,98092,615000,3,3.75,3186.0,1987.0,http://www.redfin.com/WA/Auburn/17108-SE-329th-St-98092/home/379583,47.306796000000006,-122.1141308
78,8216 SW Quartermaster Dr,98070,699000,3,1.0,2280.0,1910.0,http://www.redfin.com/WA/Vashon/8216-SW-Quartermaster-Dr-98070/home/524135,47.4066409,-122.43802649999999
79,24104 141st Ln SE #9,98042,699950,5,3.0,3037.0,2019.0,http://www.redfin.com/WA/Kent/24104-141st-Ln-SE-98042/unit-9/home/166820860,47.385858,-122.15286599999999
80,24014 141st Pl #12,98042,699950,4,2.5,3215.0,2019.0,http://www.redfin.com/WA/Kent/24014-141st-Pl-SE-98042/unit-12/home/166838370,47.38507620000001,-122.1524351
81,8343 Martin Luther King Jr Way S,98118,670000,5,2.75,1630.0,1976.0,http://www.redfin.com/WA/Seattle/8343-Martin-Luther-King-Jr-Way-S-98118/home/480487,47.52800870000001,-122.2806644
82,14830 Dougherty Pl NE,98019,499950,3,2.0,1120.0,1988.0,http://www.redfin.com/WA/Duvall/14830-Dougherty-Pl-NE-98019/home/518646,47.7350463,-121.98056090000001
83,2810 216th Ave SE,98075,925000,4,2.5,2210.0,1993.0,http://www.redfin.com/WA/Sammamish/2810-216th-Ave-SE-98075/home/434405,47.583004100000004,-122.05118020000002
84,335 SW 3rd Ct #13,98057,710900,5,2.5,2802.0,2019.0,http://www.redfin.com/WA/Renton/335-SW-3rd-Ct-98057/unit-13/home/167954581,47.4797534,-122.2215815
85,1000 Union #316,98101,365000,1,0.75,600.0,1965.0,http://www.redfin.com/WA/Seattle/1000-Union-St-98101/unit-316/home/47271,47.6123581,-122.32899350000001
86,13 SW Madrona Rd,98070,235000,0,,,,http://www.redfin.com/WA/Vashon/13-SW-Madrona-Rd-98070/home/167111127,47.418232,-122.50341599999999
87,3212 15th Ave W Unit B,98119,649950,2,1.5,1410.0,2019.0,http://www.redfin.com/WA/Seattle/3212-15th-Ave-W-98119/unit-B/home/170195044,47.648949,-122.37591689999999
88,3216 15th Ave W Unit A,98119,739950,2,2.25,1438.0,2019.0,http://www.redfin.com/WA/Seattle/3216-15th-Ave-W-98119/unit-A/home/170195043,47.6490237,-122.3759174
89,3216 15th Ave W Unit C,98119,799950,3,2.25,1556.0,2019.0,http://www.redfin.com/WA/Seattle/3216-15th-Ave-W-98119/unit-C/home/170195042,47.6490237,-122.3759174
90,302nd Ave SE,98022,199950,0,,,,http://www.redfin.com/WA/Enumclaw/302nd-Ave-SE-98022/home/101644924,47.2441,-121.939
91,32742 NE 52nd St,98014,749950,5,3.5,3701.0,2017.0,http://www.redfin.com/WA/Carnation/32742-NE-52nd-St-98014/home/106724052,47.6531474,-121.90247109999999
92,323 SW 3rd Ct #11,98057,706900,5,2.5,2802.0,2019.0,http://www.redfin.com/WA/Renton/323-SW-3rd-Ct-98057/unit-11/home/167265910,47.47967,-122.22222
93,12724 42nd Ave NE,98125,1299950,5,4.0,3580.0,1956.0,http://www.redfin.com/WA/Seattle/12724-42nd-Ave-NE-98125/home/319546,47.721837799999996,-122.2822765
94,5401 20th Ave S,98108,1050000,3,3.0,2440.0,1990.0,http://www.redfin.com/WA/Seattle/5401-20th-Ave-S-98108/home/482243,47.5541838,-122.3077402
95,26044 SE 192nd St,98038,925999,4,3.0,2530.0,2000.0,http://www.redfin.com/WA/Maple-Valley/26044-SE-192nd-St-98038/home/423752,47.430264,-121.99232099999999
96,19234 127th Ave,98011,299500,2,2.0,1152.0,1973.0,http://www.redfin.com/WA/Bothell/19234-127th-Ave-NE-98011/home/17080194,47.766498299999995,-122.1716498
97,1500 S 18th St Unit D201,98055,309900,2,1.75,1068.0,1999.0,http://www.redfin.com/WA/Renton/1500-S-18th-St-98055/unit-D201/home/41633,47.4646114,-122.1976476
98,3724 S 360th St,98001,379980,3,1.0,1560.0,1942.0,http://www.redfin.com/WA/Auburn/3724-S-360th-St-98001/home/363507,47.279248700000004,-122.28612790000001
99,1800 Taylor Ave N #211,98109,379950,2,1.0,798.0,1948.0,http://www.redfin.com/WA/Seattle/1800-Taylor-Ave-N-98109/unit-211/home/72363,47.6352915,-122.34571480000001
100,6730 C Corson Ave S,98108,534999,2,2.0,1273.0,2019.0,http://www.redfin.com/WA/Seattle/6730-Corson-Ave-S-98108/home/112863388,47.5416345,-122.32294590000001
101,23232 26th Ave S,98188,349950,4,1.5,1910.0,1956.0,http://www.redfin.com/WA/Des-Moines/23232-26th-Ave-S-98198/home/202774,47.3928041,-122.29995670000001
102,12512 SE 212th Pl,98031,470000,5,2.75,2172.0,1974.0,http://www.redfin.com/WA/Kent/12512-SE-212th-Pl-98031/home/220966,47.4120549,-122.17455249999999
103,9206 157th Pl NE,98052,715000,3,2.5,1470.0,1995.0,http://www.redfin.com/WA/Redmond/9206-157th-Pl-NE-98052/home/17081680,47.684034499999996,-122.12997390000001
104,9730 132nd Ave NE,98033,950000,3,1.0,1400.0,1959.0,http://www.redfin.com/WA/Kirkland/9730-132nd-Ave-NE-98033/home/513152,47.6884904,-122.16454909999999
105,25747 20th Ave S,98198,430000,5,2.0,2000.0,1960.0,http://www.redfin.com/WA/Des-Moines/25747-20th-Ave-S-98198/home/203201,47.3705836,-122.3086794
106,19514 Burke Ave N,98133,649950,3,2.75,1847.0,1953.0,http://www.redfin.com/WA/Shoreline/19514-Burke-Ave-N-98133/home/79365,47.7710205,-122.3361419
107,25579 140th Ln SW,98070,899500,3,2.25,2160.0,1955.0,http://www.redfin.com/WA/Vashon/25579-140th-Ln-SW-98070/home/522500,47.3760154,-122.5150853
108,31500 33rd Pl SW Unit H204,98023,220000,2,1.0,972.0,1990.0,http://www.redfin.com/WA/Federal-Way/31500-33rd-Pl-SW-98023/unit-H204/home/170194443,47.320138899999996,-122.3751633
109,20419 130th Ave SE,98031,355000,3,1.0,990.0,1969.0,http://www.redfin.com/WA/Kent/20419-130th-Ave-SE-98031/home/226094,47.4183766,-122.16892490000001
110,2122 S 371st St,98003,499950,4,2.5,2760.0,1992.0,http://www.redfin.com/WA/Federal-Way/2122-S-371st-St-98003/home/366477,47.2692998,-122.306506
111,2527 S 366th Pl,98003,415000,3,2.25,1790.0,1980.0,http://www.redfin.com/WA/Federal-Way/2527-S-366th-Pl-98003/home/362006,47.2730052,-122.30135870000001
112,12086 159th Ave NE,98052,1688990,5,4.75,4069.0,2020.0,http://www.redfin.com/WA/Redmond/12086-159th-Ave-NE-98052/home/170194363,47.7044524,-122.12683600000001
113,11120 127th Pl NE,98033,749995,3,1.75,1330.0,1976.0,http://www.redfin.com/WA/Kirkland/11120-127th-Pl-NE-98033/home/512531,47.7000903,-122.1703173
114,25617 SE 390th St,98022,669000,3,2.0,2650.0,1978.0,http://www.redfin.com/WA/Enumclaw/25617-SE-390th-St-98022/home/293950,47.251271,-121.99991399999999
115,26523 NE Valley St,98019,625000,5,2.75,2050.0,2012.0,http://www.redfin.com/WA/Duvall/26523-NE-Valley-St-98019/home/22226152,47.7373022,-121.98390829999998
116,437 E NE 73rd St,98115,779950,2,1.75,1273.0,2019.0,http://www.redfin.com/WA/Seattle/437-NE-73rd-St-98115/home/2063522,47.6813306,-122.3235233
117,8055 20th Ave NE,98115,889000,4,2.25,2970.0,1950.0,http://www.redfin.com/WA/Seattle/8055-20th-Ave-NE-98115/home/310503,47.688292700000005,-122.3071248
118,7614 130th Ave NE,98033,950000,3,2.25,1840.0,1974.0,http://www.redfin.com/WA/Kirkland/7614-130th-Ave-NE-98033/home/515246,47.6728495,-122.16629760000001
119,16004 6th Ave SW,98166,450000,3,2.0,1539.0,1951.0,http://www.redfin.com/WA/Burien/16004-6th-Ave-SW-98166/home/186458,47.4595611,-122.34215320000001
120,8521 143rd Ct NE,98052,1225000,5,2.5,3460.0,1998.0,http://www.redfin.com/WA/Redmond/8521-143rd-Ct-NE-98052/home/511751,47.6791576,-122.1493571
121,24619 234th Way SE,98038,449950,3,2.5,1718.0,1995.0,http://www.redfin.com/WA/Maple-Valley/24619-234th-Way-SE-98038/home/375462,47.3806273,-122.02755590000001
122,36030 S 56th Ave S #46,98001,469990,3,2.5,2079.0,2019.0,http://www.redfin.com/WA/Auburn/36030-56th-Ave-S-98001/unit-46/home/170193982,47.2780157,-122.2642989
123,35820 51st Ave S #25,98001,487990,4,2.5,2400.0,2020.0,http://www.redfin.com/WA/Auburn/35820-51st-Ave-S-98001/unit-25/home/170193981,47.280136,-122.2707318
124,10020 206th Ave NE,98053,525000,3,1.0,920.0,1968.0,http://www.redfin.com/WA/Redmond/10020-206th-Ave-NE-98053/home/445862,47.6894881,-122.0648972
125,18621 4th Ave S,98148,399800,3,1.0,940.0,1954.0,http://www.redfin.com/WA/Burien/18621-4th-Ave-S-98148/home/338789,47.4361769,-122.33007099999999
126,3612 S Orcas St,98118,650000,4,2.25,1820.0,1964.0,http://www.redfin.com/WA/Seattle/3612-S-Orcas-St-98118/home/174037,47.551458200000006,-122.2873365
127,32230 11th Pl SW,98023,415000,3,2.5,1860.0,1986.0,http://www.redfin.com/WA/Federal-Way/32230-11th-Pl-SW-98023/home/359780,47.3119864,-122.34960079999999
128,2108 S 375th St,98003,475000,4,2.75,2450.0,1993.0,http://www.redfin.com/WA/Federal-Way/2108-S-375th-St-98003/home/366224,47.26649570000001,-122.30677
129,3615 Manchester Way,98032,509950,4,2.25,2160.0,1966.0,http://www.redfin.com/WA/Kent/3615-Manchester-Way-98032/home/207732,47.361971000000004,-122.28578529999999
130,26402 Manchester Ave,98032,475000,5,2.25,2720.0,1963.0,http://www.redfin.com/WA/Kent/26402-Manchester-Ave-98032/home/208112,47.36507329999999,-122.28776780000001
131,5705 NE 197th St,98028,625000,4,2.5,2100.0,1967.0,http://www.redfin.com/WA/Kenmore/5705-NE-197th-St-98028/home/93016,47.7712899,-122.26831670000001
132,20999 NE 15th St,98074,1198000,6,3.75,3501.0,2020.0,http://www.redfin.com/WA/Sammamish/20999-NE-15th-St-98074/home/170193725,47.6222108,-122.06024779999998
133,2421 NW 61st St Unit A,98107,699900,3,2.5,1358.0,2013.0,http://www.redfin.com/WA/Seattle/2421-NW-61st-St-98107/unit-A/home/45498067,47.67281,-122.388655
134,7518 151st Ave NE,98052,625000,3,1.75,960.0,1972.0,http://www.redfin.com/WA/Redmond/7518-151st-Ave-NE-98052/home/515038,47.672098299999995,-122.13867069999999
135,718 N 94th St Unit A,98103,512500,2,2.25,1110.0,1998.0,http://www.redfin.com/WA/Seattle/718-N-94th-St-98103/unit-A/home/98753,47.6970664,-122.3489611
136,28862 38th Ave S,98001,399950,4,1.75,2100.0,1962.0,http://www.redfin.com/WA/Auburn/28862-38th-Ave-S-98001/home/211176,47.3416595,-122.28531729999999
137,7700 Martin Luther King Jr Way S,98118,975000,0,,,,http://www.redfin.com/WA/Seattle/7700-Martin-Luther-King-Jr-Way-S-98118/home/480666,47.533251899999996,-122.2804361
138,925 B 10th Ave E,98102,700000,2,1.75,1192.0,2019.0,http://www.redfin.com/WA/Seattle/925-10th-Ave-E-98102/home/135776,47.6276481,-122.32053529999999
139,25330 161st Ave SE,98042,499000,4,2.5,3080.0,2003.0,http://www.redfin.com/WA/Covington/25330-161st-Ave-SE-98042/home/394640,47.3743109,-122.12664609999999
140,3203 S Lane St,98144,1750000,4,3.25,3200.0,1988.0,http://www.redfin.com/WA/Seattle/3203-S-Lane-St-98144/home/141139,47.5964524,-122.291114
141,4012 14th Ave S Unit B,98108,525000,3,1.75,1300.0,2011.0,http://www.redfin.com/WA/Seattle/4012-14th-Ave-S-98108/unit-B/home/39904575,47.567538,-122.31428799999999
142,3656 36th Ave S,98144,645000,3,1.75,1459.0,2014.0,http://www.redfin.com/WA/Seattle/3656-36th-Ave-S-98144/home/69357069,47.5699099,-122.2881188
143,11714 SE 65th St,98006,798800,3,,2000.0,1977.0,http://www.redfin.com/WA/Bellevue/11714-SE-65th-St-98006/home/415739,47.545154600000004,-122.18373340000001
144,225 Auburn Way S,98002,3650000,0,,,,http://www.redfin.com/WA/Auburn/225-Auburn-Way-S-98002/home/2061672,47.3049325,-122.2262368
145,35907 14th Pl S,98003,325000,3,1.75,1960.0,1980.0,http://www.redfin.com/WA/Federal-Way/35907-14th-Pl-S-98003/home/360223,47.2796586,-122.3154601
146,2500 S 370th St #111,98003,82500,2,1.75,1392.0,1979.0,http://www.redfin.com/WA/Federal-Way/2500-S-370th-St-98003/unit-111/home/143681787,47.271061200000005,-122.30069350000001
147,12207 47th Ave S,98178,375000,2,1.75,1230.0,1943.0,http://www.redfin.com/WA/Tukwila/12207-47th-Ave-S-98178/home/2064820,47.493970399999995,-122.27515109999999
148,4200 Letitia Ave S,98118,1600000,13,6.0,4500.0,1916.0,http://www.redfin.com/WA/Seattle/4200-Letitia-Ave-S-98118/home/2080351,47.5654272,-122.28939299999999
149,11612 NE 97th St,98033,950000,3,2.25,1610.0,1983.0,http://www.redfin.com/WA/Kirkland/11612-NE-97th-St-98033/home/461947,47.6884539,-122.1853152
150,535 20th Ave E #304,98112,499000,2,1.0,961.0,1923.0,http://www.redfin.com/WA/Seattle/535-20th-Ave-E-98112/unit-304/home/2823,47.624238399999996,-122.3063712
151,26731 196th Ave SE,98042,475000,5,2.75,2330.0,2013.0,http://www.redfin.com/WA/Covington/26731-196th-Ave-SE-98042/home/40264355,47.3614152,-122.08149640000002
152,32824 5th Ave,98010,435000,3,2.5,1968.0,1914.0,http://www.redfin.com/WA/Black-Diamond/32824-5th-Ave-98010/home/379531,47.3068174,-121.99989270000002
153,4233 S 273rd Pl,98001,475000,5,2.75,2510.0,1987.0,http://www.redfin.com/WA/Auburn/4233-S-273rd-Pl-98001/home/208599,47.3563781,-122.2795412
154,33504 18th Ave S,98003,285000,0,,,,http://www.redfin.com/WA/Federal-Way/33504-18th-Ave-S-98003/home/363646,47.301757,-122.311108
155,9641 NE 24th St,98004,3621000,5,5.0,5261.0,2019.0,http://www.redfin.com/WA/Clyde-Hill/9641-NE-24th-St-98004/home/252672,47.6317288,-122.21071709999998
156,801 E Gwinn Pl,98102,1998000,4,4.25,4250.0,2013.0,http://www.redfin.com/WA/Seattle/801-E-Gwinn-Pl-98102/home/18657218,47.6476466,-122.3217563
157,2519 Yale Ave E,98102,1395000,3,2.5,2200.0,2009.0,http://www.redfin.com/WA/Seattle/2519-Yale-Ave-E-98102/home/131865,47.6425704,-122.3273992
158,1038 Washington Pl E,98112,1699980,3,2.25,2899.0,1997.0,http://www.redfin.com/WA/Seattle/1038-Washington-Pl-E-98112/home/139971,47.628459899999996,-122.29311000000001
159,2040 Westlake Ave N,98109,750000,2,0.75,923.0,1984.0,http://www.redfin.com/WA/Seattle/2040-Westlake-Ave-N-98109/home/17065732,47.6374167,-122.3398882
160,2615 S 135th St,98168,589000,4,2.5,2410.0,2004.0,http://www.redfin.com/WA/SeaTac/2615-S-135th-St-98168/home/2085678,47.4822054,-122.2988841
161,14438 6th Ave S,98168,499777,5,1.75,2150.0,1959.0,http://www.redfin.com/WA/Burien/14438-6th-Ave-S-98168/home/193142,47.47313079999999,-122.32511299999999
162,14632 SE 196,98059,790000,3,2.0,2560.0,1953.0,http://www.redfin.com/WA/Renton/14632-196th-Ave-SE-98059/home/248698,47.4704669,-122.07894679999998
163,601 S 227th St Unit 406N,98198,459000,2,1.75,1430.0,1981.0,http://www.redfin.com/WA/Des-Moines/601-S-227th-St-98198/unit-406N/home/67436,47.3971896,-122.3270892
164,5614 SW Admiral Way,98116,539999,2,1.75,1440.0,1908.0,http://www.redfin.com/WA/Seattle/5614-SW-Admiral-Way-98116/home/149560,47.5773169,-122.4042851
165,3032 SW Charlestown St Unit C,98126,684940,3,2.25,1927.0,2019.0,http://www.redfin.com/WA/Seattle/3032-SW-Charlestown-St-98126/unit-C/home/169749049,47.570111,-122.3721414
166,116 Palisades Pl,98047,524950,4,2.5,2557.0,2019.0,http://www.redfin.com/WA/Auburn/116-Palisades-PL-98047/home/170187035,47.261563,-122.250014
167,121 Palisades Pl,98047,524950,4,2.5,2557.0,2019.0,http://www.redfin.com/WA/Auburn/121-Palisades-PL-98047/home/170187012,47.261563,-122.250014
168,3545 Wallingford Ave N,98103,849950,2,1.75,1476.0,2019.0,http://www.redfin.com/WA/Seattle/3545-Wallingford-Ave-N-98103/home/160513933,47.650127000000005,-122.33661399999998
169,1420 153rd Ave NE #3714,98007,260000,1,1.0,691.0,1977.0,http://www.redfin.com/WA/Bellevue/1420-153rd-Ave-NE-98007/unit-3714/home/26284,47.6228513,-122.13511509999998
170,8819 C Midvale Ave N,98103,609999,3,1.75,1482.0,2019.0,http://www.redfin.com/WA/Seattle/8819-Midvale-Ave-N-98103/home/169606085,47.693007,-122.34272209999999
171,13901 Somerset Ln SE,98006,990000,3,2.5,2840.0,1969.0,http://www.redfin.com/WA/Bellevue/13901-Somerset-Ln-SE-98006/home/240879,47.5648645,-122.1550379
172,4142 19th Ave SW,98106,880000,3,3.0,1810.0,2019.0,http://www.redfin.com/WA/Seattle/4142-19th-Ave-SW-98106/home/22237418,47.5653906,-122.35756049999999
173,12037 SE 186th St,98058,525000,4,2.5,2330.0,2004.0,http://www.redfin.com/WA/Renton/12037-SE-186th-St-98058/home/2090554,47.435893,-122.179833
174,5615 S 318th Ct. (Homesite 9),98001,622652,5,2.75,2905.0,2019.0,http://www.redfin.com/WA/Auburn/5615-S-318th-Ct-98001/home/170176396,47.316303999999995,-122.264955
175,8448 SE 37th St,98040,3350000,5,4.0,4388.0,2020.0,http://www.redfin.com/WA/Mercer-Island/8448-SE-37th-St-98040/home/255118,47.5772562,-122.2247024
176,2001 13th Ave W,98119,689950,2,1.75,1366.0,2019.0,http://www.redfin.com/WA/Seattle/2001-13th-Ave-W-98119/home/170176328,47.6369948,-122.37419340000001
177,5623 S 318th Ct. (Homesite 8),98001,651648,5,2.75,3168.0,2019.0,http://www.redfin.com/WA/Auburn/5623-S-318th-Ct-98001/home/170176309,47.316184,-122.26459299999999
178,5631 S 318th Ct. (Homesite 4),98001,649191,5,2.75,3105.0,2019.0,http://www.redfin.com/WA/Auburn/5631-S-318th-Ct-98001/home/169200951,47.316207,-122.2643601
179,2019 S Main St Unit B,98144,679950,3,1.75,1161.0,2019.0,http://www.redfin.com/WA/Seattle/2019-S-Main-St-98144/unit-B/home/170176163,47.599787,-122.3054408
180,1531 B 17th Ave S,98144,604950,2,1.25,1013.0,2019.0,http://www.redfin.com/WA/Seattle/1531-17th-Ave-S-98144/unit-A/home/169442384,47.5890473,-122.31084890000001
181,12407 10th Ln SW,98146,383000,3,3.0,1993.0,2006.0,http://www.redfin.com/WA/Seattle/12407-10th-Ln-SW-98146/unit-B/home/56864758,47.491896600000004,-122.3481053
182,6746 6th Ave NW,98117,1079950,5,2.75,2235.0,1908.0,http://www.redfin.com/WA/Seattle/6746-6th-Ave-NW-98117/home/496672,47.679145,-122.3632305
183,1431 NW Richmond Beach Rd #9,98177,375000,2,1.5,1175.0,1979.0,http://www.redfin.com/WA/Shoreline/1431-NW-Richmond-Beach-Rd-98177/unit-9/home/44633,47.768983299999995,-122.37622730000001
184,18830 SE Petrovitsky Rd,98058,999900,4,2.5,3613.0,2019.0,http://www.redfin.com/WA/Renton/18830-SE-Petrovitsky-Rd-98058/home/145282045,47.423276200000004,-122.0917024
185,220th Pl SE,98092,999900,4,3.5,3756.0,2019.0,http://www.redfin.com/WA/Unknown/220th-Pl-SE-98092/home/45464546,47.319849,-122.170799
186,837 SW 134th St,98146,425000,3,1.75,1250.0,1960.0,http://www.redfin.com/WA/Burien/837-SW-134th-St-98146/home/184808,47.4828094,-122.34628229999998
187,201 Union Ave SE #121,98059,99950,2,1.75,1050.0,1978.0,http://www.redfin.com/WA/Renton/201-Union-Ave-SE-98059/unit-121/home/28610891,47.4813408,-122.16435290000001
188,4527 Lot 30 117th Dr NE,98033,2141995,5,4.5,3744.0,2021.0,http://www.redfin.com/WA/Kirkland/4527-117th-homesite-30-DR-NE-98033/home/167053953,47.651424,-122.182903
189,126 SW 116th St Unit E14,98146,245000,2,1.0,903.0,1982.0,http://www.redfin.com/WA/Seattle/126-SW-116th-St-98146/unit-E14/home/49110,47.499571100000004,-122.33534070000002
190,27015 237th Pl NW #52,98038,644900,4,2.75,2548.0,2020.0,http://www.redfin.com/WA/Maple-Valley/27015-237th-Pl-SE-98038/unit-52/home/168862557,47.3558096,-122.0248973
191,13778 SE 183rd St,98058,679950,5,2.75,2811.0,2020.0,http://www.redfin.com/WA/Renton/13778-SE-183rd-St-98058/home/170173712,47.4385924,-122.1602101
192,13833 SE 183rd St,98058,629950,5,2.75,2273.0,2020.0,http://www.redfin.com/WA/Renton/13833-SE-183rd-St-98058/home/170173711,47.4385939,-122.1604693
193,8824 Densmore Ave N,98103,1199000,3,2.25,2460.0,2011.0,http://www.redfin.com/WA/Seattle/8824-Densmore-Ave-N-98103/home/104686,47.6931308,-122.3374937
194,30567 34th Pl S,98001,49975,0,,,,http://www.redfin.com/WA/Auburn/30567-34th-Pl-S-98001/home/170185138,47.3272556,-122.2905521
195,453 26th Ave E,98112,1349000,4,2.75,2960.0,1978.0,http://www.redfin.com/WA/Seattle/453-26th-Ave-E-98112/home/148234,47.624156799999994,-122.29911640000002
196,4217 Fremont Ave N #3,98103,678000,2,1.75,1231.0,2007.0,http://www.redfin.com/WA/Seattle/4217-Fremont-Ave-N-98103/unit-3/home/12307105,47.658215500000004,-122.35034840000002
197,31600 126th Ave SE #109,98092,110000,3,2.0,1527.0,1986.0,http://www.redfin.com/WA/Auburn/31600-126th-Ave-SE-98092/unit-109/home/170065533,47.319357700000005,-122.17330049999998
198,20230 SE 152nd St,98059,189950,0,,,,http://www.redfin.com/WA/Renton/20230-SE-152nd-St-98059/home/22437590,47.466464,-122.0702966
199,31202 202nd Ave SE,98042,385000,2,1.5,1544.0,1975.0,http://www.redfin.com/WA/Kent/31202-202nd-Ave-SE-98042/home/2081893,47.321659000000004,-122.072055
200,23111 NE 8th St Unit 1 (D),98074,764900,3,2.25,2064.0,2019.0,http://www.redfin.com/WA/Sammamish/23111-NE-8th-St-98074/unit-1-D/home/170170349,47.616493299999995,-122.03053919999999
201,2410 SW 154th Pl,98166,450000,0,,,,http://www.redfin.com/WA/Burien/2410-SW-154th-Pl-98166/home/170169041,47.465149,-122.36399399999999
202,750 11th Ave E #205,98102,438950,1,1.0,525.0,2018.0,http://www.redfin.com/WA/Seattle/750-11th-Ave-E-98102/unit-205/home/170168921,47.6266216,-122.3176642
203,7004 124th Ave NE,98033,1479850,4,3.5,2877.0,2019.0,http://www.redfin.com/WA/Kirkland/7004-124th-Ave-NE-98033/home/170168817,47.668268,-122.17421780000001
204,1090 SW 3rd Pl,98057,539950,5,3.0,2051.0,2002.0,http://www.redfin.com/WA/Renton/1090-SW-3rd-Pl-98057/home/195740,47.480476,-122.23136509999999
205,7002 S 116th St,98178,249900,2,1.0,670.0,1944.0,http://www.redfin.com/WA/Seattle/7002-S-116th-St-98178/home/197896,47.499190000000006,-122.247367
206,1222 NE 184th St,98155,519950,4,1.5,1180.0,1946.0,http://www.redfin.com/WA/Shoreline/1222-NE-184th-St-98155/home/84543,47.76232460000001,-122.31490759999998
207,5937 23rd Ave S,98108,649000,5,2.0,2000.0,1956.0,http://www.redfin.com/WA/Seattle/5937-23rd-Ave-S-98108/home/482397,47.548722999999995,-122.3045808
208,628 10th Ave E,98102,655000,2,1.75,1000.0,2019.0,http://www.redfin.com/WA/Seattle/628-10th-Ave-E-98102/home/170167247,47.6250461,-122.3196154
209,15442 SE 22nd Pl,98007,1050000,5,2.75,2700.0,1963.0,http://www.redfin.com/WA/Bellevue/15442-SE-22nd-Pl-98007/home/427575,47.5899525,-122.1330287
210,10406 11th Ave SW,98146,509900,3,2.0,1410.0,1959.0,http://www.redfin.com/WA/Seattle/10406-11th-Ave-SW-98146/home/183010,47.5099765,-122.3485578
211,921 B 10th Ave E,98102,829000,2,1.75,1467.0,2019.0,http://www.redfin.com/WA/Seattle/921-10th-Ave-E-98102/home/135777,47.6275236,-122.3205223
212,6700 NE 182nd St Unit D-201,98028,325000,2,1.75,924.0,1989.0,http://www.redfin.com/WA/Kenmore/6700-NE-182nd-St-98028/unit-D201/home/11904316,47.7621027,-122.2511185
213,14709 SE 272nd St,98042,90000,0,,,,http://www.redfin.com/WA/Kent/14709-SE-272nd-St-98042/home/113912280,47.357548200000004,-122.14481640000001
214,13707 SW 244th St,98070,440000,3,2.0,1196.0,2016.0,http://www.redfin.com/WA/Vashon/13707-SW-244th-St-98070/home/22230504,47.385285499999995,-122.5117949
215,4728 Delridge Way SW,98106,599950,3,2.25,1670.0,2017.0,http://www.redfin.com/WA/Seattle/4728-Delridge-Way-SW-98106/home/113995265,47.5601924,-122.3625239
216,320 Melrose Ave E #303,98102,385000,1,1.0,640.0,1966.0,http://www.redfin.com/WA/Seattle/320-Melrose-Ave-E-98102/unit-303/home/27836,47.6213326,-122.3276027
217,6747 15th Ave NW,98117,779950,2,3.0,2072.0,2019.0,http://www.redfin.com/WA/Seattle/6747-15th-Ave-NW-98117/home/170164039,47.679151399999995,-122.37700890000002
218,11407 SE 248th St,98030,749000,3,2.0,1780.0,1976.0,http://www.redfin.com/WA/Kent/11407-SE-248th-St-98030/home/401912,47.37931470000001,-122.18913119999999
219,12318 SE 255 St,98030,619950,4,3.5,3126.0,2019.0,http://www.redfin.com/WA/Kent/12318-SE-255th-St-98030/home/170162878,47.373658899999995,-122.1826334
220,16250 11th Ave NE,98155,750000,4,2.25,2580.0,1942.0,http://www.redfin.com/WA/Shoreline/16250-11th-Ave-NE-98155/home/86139,47.7475691,-122.3168148
221,4412 S Spencer,98118,405337,3,1.0,820.0,1958.0,http://www.redfin.com/WA/Seattle/4412-S-Spencer-St-98118/home/173477,47.5476032,-122.2775461
222,2804 SW 324th,98023,430000,4,2.0,1460.0,1966.0,http://www.redfin.com/WA/Federal-Way/2804-SW-324th-Pl-98023/home/354499,47.3114078,-122.36882209999999
223,30665 34th Pl S,98001,49975,0,,,,http://www.redfin.com/WA/Auburn/30665-34th-Pl-S-98001/home/170157844,47.3259101,-122.2896104
224,4561 33rd Ave S,98118,715000,4,3.75,2480.0,1905.0,http://www.redfin.com/WA/Seattle/4561-33rd-Ave-S-98118/home/172237,47.5610912,-122.29121119999999
225,30639 122nd Ave SE,98092,499950,5,2.5,3110.0,2005.0,http://www.redfin.com/WA/Auburn/30639-122-Ave-SE-98092/home/2070620,47.326845,-122.1801327
226,12228 47th Ave S,98178,350000,3,1.75,980.0,1943.0,http://www.redfin.com/WA/Seattle/12228-47th-Ave-S-98178/home/188331,47.493235399999996,-122.2746906
227,18428 NE 156th St,98072,110000,0,,,,http://www.redfin.com/WA/Woodinville/18428-NE-156th-St-98072/home/170157430,47.7407633,-122.09253580000001
228,4616 S 148 St,98168,909000,6,4.5,3618.0,2007.0,http://www.redfin.com/WA/Tukwila/4616-S-148th-St-98168/home/12303555,47.4708245,-122.27503370000001
229,11302 NE 117th St,98034,1000000,4,3.5,2601.0,1999.0,http://www.redfin.com/WA/Kirkland/11302-NE-117th-St-98034/unit-71/home/42501,47.7055271,-122.1896722
230,621 9th Ave,98104,3650000,0,,,,http://www.redfin.com/WA/Seattle/621-9th-Ave-98104/home/2063083,47.606024,-122.3256383
231,2829 SW 106th,98146,650000,4,3.0,1790.0,1998.0,http://www.redfin.com/WA/Seattle/2829-SW-106th-St-98146/home/179637,47.5079002,-122.3695369
232,19107 SE 314th Pl,98042,750000,4,2.5,2590.0,1997.0,http://www.redfin.com/WA/Kent/19107-SE-314th-Pl-98042/home/383450,47.318869,-122.09076100000001
233,1425 S Puget Dr Unit G3,98055,164000,1,1.5,800.0,1968.0,http://www.redfin.com/WA/Renton/1425-S-Puget-Dr-98055/unit-G3/home/27093,47.4602984,-122.19990700000001
234,29624 138th Ave SE,98092,280000,0,,,,http://www.redfin.com/WA/Auburn/29624-138th-Ave-SE-98092/home/2079147,47.335621200000006,-122.15746200000001
235,23709 228th Pl SE #107,98038,704950,4,3.0,3017.0,2020.0,http://www.redfin.com/WA/Maple-Valley/23709-228th-Pl-SE-98038/unit-107/home/170155012,47.3887,-122.035
236,11633 Rainier Ave S,98178,445000,3,1.75,1330.0,1945.0,http://www.redfin.com/WA/Seattle/11633-Rainier-Ave-S-98178/home/198465,47.4982482,-122.2206018
237,27120 123rd Place SE (Lot 7),98030,563950,4,2.75,2622.0,2020.0,http://www.redfin.com/WA/Kent/27120-123rd-Pl-SE-98030/home/160498517,47.35215529999999,-122.17678719999999
238,1718 Ferry Ave SW,98116,1799000,4,3.5,3524.0,2010.0,http://www.redfin.com/WA/Seattle/1718-Ferry-Ave-SW-98116/home/22618564,47.587807299999994,-122.3834585
239,1541 B 14th Ave S,98144,499950,2,1.75,966.0,2019.0,http://www.redfin.com/WA/Seattle/1541-14th-Ave-S-98144/home/168816984,47.5887886,-122.31516869999999
240,12015 9th Ct SW,98146,549500,1,2.25,1650.0,1976.0,http://www.redfin.com/WA/Seattle/12015-9th-Ct-SW-98146/home/181845,47.495152000000004,-122.34696389999999
241,16713 N Park Ave N,98133,449950,3,1.75,1060.0,1952.0,http://www.redfin.com/WA/Shoreline/16713-N-Park-Ave-N-98133/home/80772,47.750994899999995,-122.34981670000002
242,6506 38th Ave SW,98126,827000,3,1.75,2268.0,1937.0,http://www.redfin.com/WA/Seattle/6506-38th-Ave-SW-98126/home/468428,47.5444561,-122.38017930000001
243,6704 S 239th Pl Unit B-102,98032,295000,3,2.5,1305.0,1994.0,http://www.redfin.com/WA/Kent/6704-S-239th-Pl-98032/unit-B102/home/30893,47.3872475,-122.25070649999999
244,1377 Eagles Nest Pl SE #057,98045,830995,4,2.75,3266.0,2019.0,http://www.redfin.com/WA/North-Bend/1377-Eagles-Nest-Pl-SE-98045/unit-057/home/170153662,47.4762383,-121.7352392
245,10806 322nd Ave NE,98014,485000,3,1.75,1200.0,1990.0,http://www.redfin.com/WA/Carnation/10806-322nd-Ave-NE-98014/home/2070413,47.6940273,-121.90748570000001
246,29414 123rd (Lot 16) Pl SE,98092,539950,4,2.75,2855.0,2019.0,http://www.redfin.com/WA/Auburn/29414-123rd-Pl-SE-98092/home/22495076,47.3383496,-122.17659429999999
247,5603 42nd Ave SW,98136,1499000,3,3.5,3436.0,2020.0,http://www.redfin.com/WA/Seattle/5603-42nd-Ave-SW-98136/home/471301,47.5519554,-122.38585719999999
248,5317 S Roxbury St,98118,450000,3,1.0,1970.0,1907.0,http://www.redfin.com/WA/Seattle/5317-S-Roxbury-St-98118/home/176277,47.5167015,-122.26580790000001
249,3449 Elmont Ave #52,98022,487990,2,1.75,1824.0,2020.0,http://www.redfin.com/WA/Enumclaw/3449-Elmont-Ave-98022/unit-52/home/170153426,47.2029076,-122.01060559999999
250,701 Galer St #812,98109,675000,2,2.25,1329.0,1992.0,http://www.redfin.com/WA/Seattle/701-Galer-St-98109/unit-812/home/69411,47.6322026,-122.34295630000001
251,24904 122nd Pl SE,98030,599950,4,3.25,2575.0,2019.0,http://www.redfin.com/WA/Kent/24904-122nd-Pl-SE-98030/home/143457808,47.378634000000005,-122.17824499999999
252,9689 3rd Pl SW,98106,749900,4,2.5,2682.0,2020.0,http://www.redfin.com/WA/Seattle/9689-3rd-PL-SW-98106/home/170150470,47.515984,-122.339823
253,16009 SE 144th (Lot 20) St,98059,973995,4,2.75,3876.0,2019.0,http://www.redfin.com/WA/Renton/16009-SE-144th-St-98059/home/170150452,47.473532,-122.12632009999999
254,24932 123rd Pl SE,98030,579950,5,2.75,2973.0,2019.0,http://www.redfin.com/WA/Kent/24932-123rd-Pl-SE-98030/home/143457816,47.375064200000004,-122.17664170000002
255,27235 SE Grand Ridge Dr,98029,675000,0,,,,http://www.redfin.com/WA/Issaquah/27235-Grand-Ridge-Dr-98029/home/22440523,47.542928499999995,-121.9743038
256,12420 74th Ln S #6,98178,235000,3,1.5,1245.0,1980.0,http://www.redfin.com/WA/Tukwila/12420-74th-Ln-S-98178/unit-6/home/170155708,47.4926885,-122.24172250000001
257,22477 SE 42nd Ter SE,98029,450000,2,1.75,1604.0,1987.0,http://www.redfin.com/WA/Issaquah/22477-SE-42nd-Ter-98029/unit-1184/home/41278,47.5696937,-122.0390061
258,7756 B 4th Ave NE,98115,599000,2,1.0,800.0,2019.0,http://www.redfin.com/WA/Seattle/7756-4th-Ave-NE-98115/home/108760,47.686638,-122.323954
259,357 Military Rd S,98001,900000,0,,,,http://www.redfin.com/WA/Auburn/357-Military-Rd-S-Unknown/home/144438752,47.356767,-122.292992
260,2627 SW 100th St,98146,855000,4,2.75,2767.0,2020.0,http://www.redfin.com/WA/Seattle/2627-SW-100th-St-98146/home/170149617,47.5137096,-122.36613740000001
261,19933 SE 353rd St,98092,630000,4,2.5,2500.0,1977.0,http://www.redfin.com/WA/Auburn/19933-SE-353rd-St-98092/home/380522,47.284817700000005,-122.0760101
262,411 NE 80th St,98115,1249000,4,4.0,2768.0,2019.0,http://www.redfin.com/WA/Seattle/411-NE-80th-St-98115/home/170149504,47.6868016,-122.3237439
263,3227 Beacon Ave S Unit E,98144,665000,2,2.0,1495.0,2016.0,http://www.redfin.com/WA/Seattle/3227-Beacon-Ave-S-98144/unit-E/home/109969597,47.5742784,-122.3092537
264,35441 56th Ave S,98001,621595,5,2.75,2884.0,2020.0,http://www.redfin.com/WA/Auburn/35441-56th-Ave-S-98001/home/22697518,47.283573600000004,-122.26508740000001
265,626 66th Pl NE,98034,500000,0,,,,http://www.redfin.com/WA/Kirkland/626-66th-Pl-NE-98034/home/144679900,47.718957,-122.25478400000001
266,86 66th Pl NE,98034,500000,0,,,,http://www.redfin.com/WA/Kirkland/86-66th-Pl-NE-98034/home/144679892,47.719188,-122.257259
267,11 66th Pl NE,98034,1600000,0,,,,http://www.redfin.com/WA/Kirkland/11-66th-Pl-NE-98034/home/144679901,47.719331,-122.255481
268,2010 S Kent Des Moines Rd,98198,635000,3,1.0,780.0,1946.0,http://www.redfin.com/WA/Des-Moines/2010-Kent-Des-Moines-Rd-98198/home/200864,47.391400299999994,-122.30738899999999
269,4020 Aurora Ave N #205,98103,298880,0,1.0,366.0,2002.0,http://www.redfin.com/WA/Seattle/4020-Aurora-Ave-N-98103/unit-205/home/46212,47.6561593,-122.34679369999999
270,10251 NE 30th Pl,98004,2799000,4,3.5,4560.0,2006.0,http://www.redfin.com/WA/Bellevue/10251-NE-30th-Pl-98004/home/506459,47.6375969,-122.20237639999999
271,4811 42nd Ave SW,98116,999999,0,,,,http://www.redfin.com/WA/Seattle/4811-42nd-Ave-SW-98116/home/471225,47.5589151,-122.3859004
272,1601 N 45th St #311,98103,494950,1,1.0,781.0,2018.0,http://www.redfin.com/WA/Seattle/1601-N-45th-St-98103/unit-311/home/170148037,47.661246399999996,-122.338408
273,12516 NE 91 St,98033,1586000,4,2.75,2860.0,2019.0,http://www.redfin.com/WA/Kirkland/12516-NE-91st-St-98033/home/513057,47.6836398,-122.173749
274,23710 SE 243rd St,98038,639950,4,2.5,3120.0,2004.0,http://www.redfin.com/WA/Maple-Valley/23710-SE-243rd-St-98038/home/375736,47.3850272,-122.02530970000001
275,9215 9th Ave NW,98117,900000,5,2.0,2560.0,1924.0,http://www.redfin.com/WA/Seattle/9215-9th-Ave-NW-98117/home/101441,47.6965609,-122.36891329999999
276,31800 293rd Ave SE,98010,120000,0,,,,http://www.redfin.com/WA/Black-Diamond/31800-293rd-Ave-SE-98010/home/170142067,47.3154008,-121.95145729999999
277,29915 118th (Lot 152) Pl SE,98092,594950,4,2.75,3194.0,2019.0,http://www.redfin.com/WA/Auburn/29915-118th-Pl-SE-98092/home/22458325,47.3340883,-122.18386979999998
278,2960 SW Raymond St #304,98126,425000,2,1.75,1039.0,2007.0,http://www.redfin.com/WA/Seattle/2960-SW-Raymond-St-98126/unit-304/home/17064893,47.548645,-122.36945259999999
279,113 27th Ave E Unit A,98122,1075000,3,2.25,1927.0,2020.0,http://www.redfin.com/WA/Seattle/113-27th-Ave-E-98112/unit-A/home/170141939,47.6193634,-122.29757140000001
280,12049 16th Ave S,98168,455000,4,1.75,2120.0,1962.0,http://www.redfin.com/WA/Seattle/12049-16th-Ave-S-98168/home/190304,47.494281799999996,-122.31354950000001
281,6729 Mary Ave NW,98117,699950,3,2.5,1755.0,2019.0,http://www.redfin.com/WA/Seattle/6729-Mary-Ave-NW-98117/home/170141476,47.6786848,-122.3763631
282,20117 223rd Ave NE,98077,639900,0,,,,http://www.redfin.com/WA/Woodinville/20117-223rd-Ave-NE-98077/home/170141340,47.773689000000005,-122.04150359999998
283,14609 SE Fairwood Blvd,98058,530000,4,1.75,1580.0,1968.0,http://www.redfin.com/WA/Renton/14609-SE-Fairwood-Blvd-98058/home/233263,47.4518279,-122.14565290000002
284,1106 108th Ave NE #203,98004,798500,1,1.75,1251.0,2001.0,http://www.redfin.com/WA/Bellevue/1106-108th-Ave-NE-98004/unit-203/home/34923,47.620290000000004,-122.19594359999999
285,6638 119th Ave SE,98006,958000,3,2.75,2800.0,1978.0,http://www.redfin.com/WA/Bellevue/6638-119th-Ave-SE-98006/home/415813,47.542911100000005,-122.1814892
286,1706 SW 307th St Unit B,98023,252900,2,1.0,1042.0,1981.0,http://www.redfin.com/WA/Federal-Way/1706-SW-307th-St-98023/unit-B/home/145808984,47.3265991,-122.35676540000001
287,12463 177th Pl SE,98059,575000,5,2.0,2040.0,1968.0,http://www.redfin.com/WA/Renton/12463-177th-Pl-SE-98059/home/244902,47.4894811,-122.10461509999999
288,30612 34th Pl S,98001,185000,0,,,,http://www.redfin.com/WA/Auburn/30612-34th-Pl-S-98001/home/22479101,47.3274799,-122.28980990000002
289,3726 SW 313th St,98003,589950,4,3.5,3330.0,1987.0,http://www.redfin.com/WA/Federal-Way/3726-SW-313th-St-98023/home/352668,47.320045,-122.379552
290,8720 25th Ave NE,98115,799000,6,3.0,2460.0,1958.0,http://www.redfin.com/WA/Seattle/8720-25th-Ave-NE-98115/home/315208,47.6927223,-122.3012268
291,1200 Boylston Ave #603,98101,310000,1,1.0,570.0,1960.0,http://www.redfin.com/WA/Seattle/1200-Boylston-Ave-98101/unit-603/home/15577,47.6124744,-122.3229585
292,20199 SE Green Valley Rd,98092,79975,0,,,,http://www.redfin.com/WA/Auburn/20199-SE-Green-Valley-Rd-98092/home/170136309,47.286502299999995,-122.07266170000001
293,2921 14th Ave S,98144,995000,3,1.75,2200.0,1921.0,http://www.redfin.com/WA/Seattle/2921-14th-Ave-S-98144/home/167603,47.577028799999994,-122.3149126
294,3226 S 184th St #261,98188,75000,2,1.75,1100.0,1969.0,http://www.redfin.com/WA/Seattle/3226-S-184th-St-98188/unit-261/home/145241744,47.4383044,-122.28996299999999
295,26810 NE Big Rock Rd #101,98019,579995,4,3.0,2056.0,2019.0,http://www.redfin.com/WA/Duvall/26810-NE-Big-Rock-Rd-98019/unit-101/home/170132238,47.7257054,-121.9801729
296,12308 87th Ct NE,98034,1050000,4,2.75,3090.0,1969.0,http://www.redfin.com/WA/Kirkland/12308-87th-Ct-NE-98034/home/282430,47.710744399999996,-122.2246392
297,14002 3rd Ave NE #104,98019,519995,4,3.0,2043.0,2019.0,http://www.redfin.com/WA/Duvall/14002-3rd-Ave-NE-98019/unit-104/home/170132172,47.7298195,-121.9801669
298,15625 42 Ave S #5,98188,230000,2,1.5,904.0,1980.0,http://www.redfin.com/WA/Tukwila/15625-42nd-Ave-S-98188/unit-5/home/724,47.462596600000005,-122.28161909999999
299,28117 316th Way SE,98051,549999,0,,,,http://www.redfin.com/WA/Ravensdale/28117-316th-Way-SE-98051/home/109660227,47.3497566,-121.930748
300,10515 Woodinville Dr #20,98011,35000,2,1.0,768.0,1971.0,http://www.redfin.com/WA/Bothell/10515-Woodinville-Dr-98011/unit-20/home/167080910,47.7580768,-122.1996656
301,7331 Thompson Ave SE,98065,670000,3,2.5,2070.0,2000.0,http://www.redfin.com/WA/Snoqualmie/7331-Thompson-Ave-SE-98065/home/466571,47.534672,-121.87686880000001
302,16900 SE 140th St,98059,175000,0,,,,http://www.redfin.com/WA/Renton/16900-SE-140th-St-98059/home/170131142,47.4771452,-122.11521979999999
303,1564 Cedar Butte Ave SE #1014,98045,871900,4,2.75,3069.0,2019.0,http://www.redfin.com/WA/Tanner/1564-Cedar-Butte-Ave-SE-98045/unit-1014/home/170130801,47.477573,-121.76718500000001
304,1018 S 295th Pl,98003,898000,4,3.0,3740.0,1951.0,http://www.redfin.com/WA/Federal-Way/1018-S-295th-Pl-98003/home/347608,47.3386855,-122.32103810000001
305,25739 135th Ave SE #71,98042,75000,2,1.0,980.0,1977.0,http://www.redfin.com/WA/Kent/25739-135th-Ave-SE-98042/unit-71/home/21686685,47.370340500000005,-122.16301770000001
306,10616 53rd Ave S,98178,450000,0,,,,http://www.redfin.com/WA/Seattle/10616-53rd-Ave-S-98178/home/178829,47.505596000000004,-122.267082
307,206 Oakesdale Ave SW,98057,494950,3,2.5,1920.0,1988.0,http://www.redfin.com/WA/Renton/206-Oakesdale-Ave-SW-98057/home/196616,47.481747999999996,-122.23098329999999
308,28131 144th Ave SE,98042,720000,3,2.0,1440.0,1979.0,http://www.redfin.com/WA/Kent/28131-144th-Ave-SE-98042/home/2076197,47.349207299999996,-122.15057560000001
309,27431 14th (Lot 53) Pl S,98198,594990,5,3.0,2943.0,2019.0,http://www.redfin.com/WA/Des-Moines/27431-14th-Lot-53-PL-S-98198/home/170128127,47.355815,-122.31418000000001
310,30503 52nd Ave S,98001,219999,0,,,,http://www.redfin.com/WA/Auburn/30503-52nd-Ave-S-98001/home/2085264,47.3287826,-122.2702469
311,218th,98002,219950,0,,,,http://www.redfin.com/WA/Auburn/218th-98002/home/170127586,47.287207,-122.04989199999999
312,1085 103rd NE #317,98004,658000,1,1.0,675.0,2018.0,http://www.redfin.com/WA/Bellevue/1085-103rd-Ave-NE-98004/unit-317/home/170127497,47.6199797,-122.20341869999999
313,957 Riley Dr E,98022,401900,3,2.5,1800.0,2019.0,http://www.redfin.com/WA/Enumclaw/957-Riley-Dr-E-98022/home/170127270,47.192777899999996,-121.96908300000001
314,23304 12th Pl S #4,98198,784950,4,3.25,2784.0,2020.0,http://www.redfin.com/WA/Des-Moines/23304-12th-Pl-S-98198/unit-4/home/170124802,47.392845,-122.3174601
315,11330 E Riverside Dr #21,98011,49999,0,,780.0,1967.0,http://www.redfin.com/WA/Bothell/11330-E-Riverside-Dr-98011/unit-21/home/22057390,47.7531706,-122.1889956
316,618 SW 100th St,98106,504800,2,1.75,1238.0,2019.0,http://www.redfin.com/WA/Seattle/618-SW-100th-St-98106/home/170127969,47.513735100000005,-122.34244029999999
317,9248 S 240th Pl,98030,329000,3,2.25,1691.0,1989.0,http://www.redfin.com/WA/Kent/9248-S-240th-Pl-98030/home/170123805,47.3863208,-122.216706
318,27538 254th Way SE,98038,749000,4,2.5,3230.0,2006.0,http://www.redfin.com/WA/Maple-Valley/27538-254th-Way-SE-98038/home/2092232,47.354240000000004,-122.0041885
319,24216 SE 106th Pl,98027,374000,0,,,,http://www.redfin.com/WA/Issaquah/24216-SE-106th-Pl-98027/home/145835211,47.506907700000006,-122.02023259999999
320,10223 NE 22nd Pl,98004,3568000,6,4.5,5320.0,2019.0,http://www.redfin.com/WA/Bellevue/10223-NE-22nd-Pl-98004/home/506561,47.6302944,-122.20423980000001
321,11111 SW 112th Pl,98070,250000,0,,,,http://www.redfin.com/WA/Vashon/11111-SW-112th-St-98070/home/18753661,47.5056397,-122.47307759999998
322,25732 W Lk Wilderness Dr SE,98038,600000,3,1.0,1090.0,1954.0,http://www.redfin.com/WA/Maple-Valley/25732-W-Lake-Wilderness-Dr-SE-98038/home/371001,47.3710216,-122.03746509999998
323,988 9th Ave S,98033,1995000,4,3.75,3000.0,2019.0,http://www.redfin.com/WA/Kirkland/988-9th-Ave-S-98033/home/22465569,47.6688635,-122.19125600000001
324,6311 Fauntleroy Way SW,98136,729000,0,,,,http://www.redfin.com/WA/Seattle/6311-Fauntleroy-Way-SW-98136/home/471400,47.5463036,-122.38360619999999
325,13848 29th Ave S,98168,649950,4,2.75,1820.0,1952.0,http://www.redfin.com/WA/SeaTac/13848-29th-Ave-S-98168/home/190533,47.4783015,-122.2955551
326,1258 Maple Dr,98022,42500,3,2.0,1258.0,1985.0,http://www.redfin.com/WA/Enumclaw/1258-Maple-Dr-98022/home/103505947,47.195907500000004,-121.9918568
327,5775 Highland Dr,98006,1490000,5,3.75,4020.0,1983.0,http://www.redfin.com/WA/Bellevue/5775-Highland-Dr-98006/home/235547,47.5513245,-122.15783470000001
328,NE Big Rock Rd,98019,724950,0,,,,http://www.redfin.com/WA/Duvall/NE-Big-Rock-Rd-Unknown/home/49674555,47.720001,-121.95754299999999
329,15267 150th Ln SE,98058,175000,0,,,,http://www.redfin.com/WA/Renton/15267-150th-Ln-SE-98058/home/22471918,47.4660835,-122.1401095
330,20615 87th Ave SW,98070,230000,2,1.0,840.0,1990.0,http://www.redfin.com/WA/Vashon/20615-Vashon-Ave-98070/home/2059867,47.418627799999996,-122.44575890000002
331,1321 Seneca St #1004,98101,560000,1,0.75,648.0,2016.0,http://www.redfin.com/WA/Seattle/1321-Seneca-St-98101/unit-1004/home/103782586,47.6118651,-122.32312250000001
332,17402 84th Ave NE,98028,1149950,3,1.5,2030.0,1977.0,http://www.redfin.com/WA/Kenmore/17402-84th-Ave-NE-98028/home/283121,47.7527497,-122.22893020000001
333,1772 19th Ave S,98144,1700000,0,,,,http://www.redfin.com/WA/Seattle/1772-19th-Ave-S-98144/home/168903,47.5870834,-122.30798119999999
334,1711 Index Ave NE,98056,769950,4,4.0,1750.0,1943.0,http://www.redfin.com/WA/Renton/1711-Index-Ave-NE-98056/home/170113589,47.5076584,-122.1824253
335,39019 186th Ave SE,98092,399900,0,,,,http://www.redfin.com/WA/Auburn/39019-186th-Ave-SE-98092/home/144453802,47.2541973,-122.0946009
336,214 SW 96th Ln,98106,752900,4,2.5,2528.0,2020.0,http://www.redfin.com/WA/Seattle/214-SW-96th-Ln-98106/home/170111884,47.542148,-122.353812
337,218 SW 96th Ln,98126,759900,5,2.5,2726.0,2020.0,http://www.redfin.com/WA/Seattle/218-SW-96th-Ln-98106/home/170111883,47.516462,-122.34371100000001
338,1942 S Lander St,98144,615999,3,1.75,1600.0,1904.0,http://www.redfin.com/WA/Seattle/1942-S-Lander-St-98144/home/169300,47.579763899999996,-122.30690729999999
339,10220 38th Ave SW,98146,465000,3,1.0,1210.0,1946.0,http://www.redfin.com/WA/Seattle/10220-38th-Ave-SW-98146/home/155144,47.511356299999996,-122.38023419999999
340,6706 Quigley Ave SE,98065,779000,6,2.75,2770.0,2006.0,http://www.redfin.com/WA/Snoqualmie/6706-Quigley-Ave-SE-98065/home/8189421,47.540794500000004,-121.8861294
341,5204 23rd Ave SW,98106,180000,0,,,,http://www.redfin.com/WA/Seattle/5204-23rd-Ave-SW-98106/home/143862338,47.555287400000005,-122.3616729
342,1201 25th Ave E,98112,1250000,3,1.75,1160.0,1915.0,http://www.redfin.com/WA/Seattle/1201-25th-Ave-E-98112/home/145751,47.6303974,-122.30066229999998
343,1320 E James St,98031,350000,0,,,,http://www.redfin.com/WA/Kent/1320-E-James-St-98031/home/397847,47.386533,-122.21710300000001
344,S Hanford St,98144,195000,0,,,,http://www.redfin.com/WA/Seattle/S-Hanford-St-98144/home/170107136,47.575307,-122.317177
345,42011 SE 167th St,98045,424900,3,1.0,1230.0,1980.0,http://www.redfin.com/WA/North-Bend/42011-SE-167th-St-98045/home/487676,47.4494494,-121.77989550000001
346,38111 Enumclaw Franklin Rd SE,98022,59950,0,,,,http://www.redfin.com/WA/Enumclaw/38111-Enumclaw-Franklin-Rd-SE-98022/home/166751363,47.2643729,-121.98158149999999
347,4252 NE 74th St,98115,1690000,3,2.5,2494.0,1957.0,http://www.redfin.com/WA/Seattle/4252-NE-74th-St-98115/home/316943,47.68247879999999,-122.2814764
348,2500 S 370th St #266,98003,89500,3,1.75,1867.0,1980.0,http://www.redfin.com/WA/Federal-Way/2500-S-370th-St-98003/unit-266/home/56975301,47.271061200000005,-122.30069350000001
349,901 NE 43rd St #106,98105,365000,1,1.0,480.0,1926.0,http://www.redfin.com/WA/Seattle/901-NE-43rd-St-98105/unit-106/home/12536699,47.6592474,-122.31850490000001
